[{"id":1,"titulo":"Velozes e furiosos","dataLancamento":"Jan 17, 2002, 12:00:00 AM","diretor":"A24","nota":0.0,"genero":"Terror","capa":"https://m.media-amazon.com/images/S/pv-target-images/6ce31c8505e6f5829a35c14e03390fb27ae4145182ecb116bdeb980636ba0f31.jpg"},{"id":2,"titulo":"procurando nemo","dataLancamento":"Jan 17, 2002, 12:00:00 AM","diretor":"escorsezi","nota":8.0,"genero":"Animação"},{"id":3,"titulo":"Sexta feira 13","dataLancamento":"Feb 3, 2025, 12:00:00 AM","diretor":"tarantino","nota":8.0,"genero":"Terror"}]